fund_id,fund_name,category,shariah_compliant,total_return_pct,cagr_pct,ann_volatility_pct,sharpe_ratio,max_drawdown_pct
F001,Al Meezan Mutual Fund,Equity,True,253.61757392901274,28.73800301049554,19.063777254754722,0.5758911785010044,-41.27989162118495
F002,Meezan Islamic Income Fund,Income,True,68.58028796461736,11.009809728474362,3.147777417765543,-2.645042655804411,-2.0574041148082367
F003,Meezan Cash Fund,Money Market,True,24.845207304647698,4.538045243412969,1.2816202691404155,-11.39949311453353,-1.038692063890545
F004,Meezan Balanced Fund,Balanced,True,-20.51649275955352,-4.488557448808539,9.692124028660212,-2.361700273471851,-40.6643791941214
F005,KSE Meezan Index Fund,Index,True,-13.442459240605253,-2.8459338238846943,20.917715898520125,-0.9371169446472034,-45.365547707998154
F006,Meezan Gold Fund,Commodity,True,21.00657909310413,3.887141512812664,16.6307631579018,-0.8299890489732654,-23.30814344432024
